さとふるコード,返礼品名,事業者名,寄附金額,チョイスお礼の品ID
1262051,＜美濃焼・tripware＞グッドデザイン賞受賞 ストレートボウル・フタ160　緑釉【1262051】,市原製陶株式会社,15000,23574409
1262052,＜美濃焼・tripware＞グッドデザイン賞受賞 ストレートボウル・フタ160　白釉【1262052】,市原製陶株式会社,15000,23574410
1262053,＜美濃焼・tripware＞グッドデザイン賞受賞 ストレートボウル・フタ160　アイボリー【1262053】,市原製陶株式会社,15000,23574411
1262054,＜美濃焼・tripware＞グッドデザイン賞受賞 ストレートボウル・フタ160　キャラメル【1262054】,市原製陶株式会社,15000,23574412
1274106,＜美濃焼・tripware＞グッドデザイン賞受賞 ボウル・フタ130　2色セット【1274106】,市原製陶株式会社,17000,23574417
1260928,＜美濃焼・tripware＞グッドデザイン賞受賞 マグ&フタ90　2色セット キャラメル&アイボリー【1260928】,市原製陶株式会社,20000,23574375
1261301,＜美濃焼・tripware＞グッドデザイン賞受賞 マグ&フタ90　2色セット 緑釉&アイボリー【1261301】,市原製陶株式会社,20000,23574376
1261302,＜美濃焼・tripware＞グッドデザイン賞受賞 マグ&フタ90　2色セット 水釉&白釉【1261302】,市原製陶株式会社,20000,23574377
1261612,＜美濃焼・tripware＞グッドデザイン賞受賞 プレート240　1枚　水釉【1261612】,市原製陶株式会社,11000,23574378
1262021,＜美濃焼・tripware＞グッドデザイン賞受賞 プレート240　1枚　緑釉【1262021】,市原製陶株式会社,11000,23574379
1262022,＜美濃焼・tripware＞グッドデザイン賞受賞 プレート240　1枚　白釉【1262022】,市原製陶株式会社,11000,23574380
1262023,＜美濃焼・tripware＞グッドデザイン賞受賞 プレート240　1枚　アイボリー【1262023】,市原製陶株式会社,11000,23574381
1262024,＜美濃焼・tripware＞グッドデザイン賞受賞 プレート240　1枚　キャラメル【1262024】,市原製陶株式会社,11000,23574382
1262026,＜美濃焼・tripware＞グッドデザイン賞受賞 プレート240　2枚　水釉【1262026】,市原製陶株式会社,22000,23574383
1262028,＜美濃焼・tripware＞グッドデザイン賞受賞 プレート240　2枚　緑釉【1262028】,市原製陶株式会社,22000,23574384
1262029,＜美濃焼・tripware＞グッドデザイン賞受賞 プレート240　2枚　白釉【1262029】,市原製陶株式会社,22000,23574385
1262032,＜美濃焼・tripware＞グッドデザイン賞受賞 プレート240　2枚　アイボリー【1262032】,市原製陶株式会社,22000,23574386
1262033,＜美濃焼・tripware＞グッドデザイン賞受賞 プレート240　2枚　キャラメル【1262033】,市原製陶株式会社,22000,23574387
1262040,＜美濃焼・tripware＞グッドデザイン賞受賞 プレート210　2枚　水釉【1262040】,市原製陶株式会社,15000,23574388
1262041,＜美濃焼・tripware＞グッドデザイン賞受賞 プレート210　2枚　緑釉【1262041】,市原製陶株式会社,15000,23574389
1262042,＜美濃焼・tripware＞グッドデザイン賞受賞 プレート210　2枚　白釉【1262042】,市原製陶株式会社,15000,23574390
1262043,＜美濃焼・tripware＞グッドデザイン賞受賞 プレート210　2枚　アイボリー【1262043】,市原製陶株式会社,15000,23574391
1262044,＜美濃焼・tripware＞グッドデザイン賞受賞 プレート210　2枚　キャラメル【1262044】,市原製陶株式会社,15000,23574392
1262045,＜美濃焼・tripware＞グッドデザイン賞受賞 プレート175　2枚　水釉【1262045】,市原製陶株式会社,10000,23574393
1262046,＜美濃焼・tripware＞グッドデザイン賞受賞 プレート175　2枚　緑釉【1262046】,市原製陶株式会社,10000,23574404
1262047,＜美濃焼・tripware＞グッドデザイン賞受賞 プレート175　2枚　白釉【1262047】,市原製陶株式会社,10000,23574405
1262048,＜美濃焼・tripware＞グッドデザイン賞受賞 プレート175　2枚　アイボリー【1262048】,市原製陶株式会社,10000,23574406
1262049,＜美濃焼・tripware＞グッドデザイン賞受賞 プレート175　2枚　キャラメル【1262049】,市原製陶株式会社,10000,23574407
1262050,＜美濃焼・tripware＞グッドデザイン賞受賞 ストレートボウル・フタ160　水釉【1262050】,市原製陶株式会社,15000,23574408